arm,seed,epoch,train_nll,val_nll,lr,secs,improved
m0d_clinical,20250720,0,0.6086631836918737,0.6323999711258027,0.0005060975609756,7.87,True
m0d_clinical,20250720,1,0.6045415373666209,0.6287565700744494,0.001,7.89,True
m0d_clinical,20250720,2,0.5954587183935793,0.6286231342964932,0.0009982922465033,7.82,True
m0d_clinical,20250720,3,0.5874121546458188,0.6294679298856141,0.0009931806517013,7.96,False
m0d_clinical,20250720,4,0.5802420715376132,0.6328074900804546,0.0009847001329696,7.98,False
m0d_clinical,20250720,5,0.5766508199116628,0.6356825752412582,0.0009729086208503,8.01,False
m0d_clinical,20250720,6,0.572428947974262,0.6390928232731148,0.0009578866633275,7.89,False
m0d_clinical,20250720,7,0.5695061923451507,0.638636899128329,0.0009397368756032,7.84,False
m0d_clinical,20250720,8,0.5668621507424839,0.6424012766340551,0.0009185832391312,7.93,False
m0d_clinical,20250720,9,0.5627673147759455,0.644771262009023,0.0008945702546981,7.99,False
m0d_clinical,20250720,10,0.5585247032904211,0.645932145579868,0.0008678619553365,7.95,False
m0d_clinical,20250721,0,0.6090175052369031,0.63401126934992,0.0005060975609756,8.05,True
m0d_clinical,20250721,1,0.6036698539793377,0.6296316025752726,0.001,8.05,True
m0d_clinical,20250721,2,0.5954348698287111,0.6289354367987557,0.0009982922465033,7.94,True
m0d_clinical,20250721,3,0.5862282002879475,0.631631859545538,0.0009931806517013,8.02,False
m0d_clinical,20250721,4,0.580436312348397,0.6317553976187648,0.0009847001329696,7.94,False
m0d_clinical,20250721,5,0.5773066415004647,0.635944460023102,0.0009729086208503,7.88,False
m0d_clinical,20250721,6,0.571326646915061,0.6375494602383505,0.0009578866633275,7.92,False
m0d_clinical,20250721,7,0.567591713664619,0.6416051595467192,0.0009397368756032,8.01,False
m0d_clinical,20250721,8,0.5641894849020851,0.6465449722894004,0.0009185832391312,7.98,False
m0d_clinical,20250721,9,0.559392780720154,0.6471293184549114,0.0008945702546981,8.0,False
m0d_clinical,20250721,10,0.5578078889605627,0.6500887452113712,0.0008678619553365,8.03,False
m0d_clinical,20250722,0,0.6085573760760313,0.6324047035123822,0.0005060975609756,7.92,True
m0d_clinical,20250722,1,0.6037468954260409,0.6284075223666097,0.001,7.87,True
m0d_clinical,20250722,2,0.5939728972769427,0.6280637194981494,0.0009982922465033,7.84,True
m0d_clinical,20250722,3,0.5853164959964495,0.6296465567315661,0.0009931806517013,7.94,False
m0d_clinical,20250722,4,0.5811172203291818,0.6327604644607289,0.0009847001329696,7.88,False
m0d_clinical,20250722,5,0.5752915081950282,0.6329033422693774,0.0009729086208503,7.95,False
m0d_clinical,20250722,6,0.571921283982852,0.6374143377576538,0.0009578866633275,7.98,False
m0d_clinical,20250722,7,0.5677774388005739,0.6413564557496283,0.0009397368756032,7.99,False
m0d_clinical,20250722,8,0.5641002985324014,0.6430626455789903,0.0009185832391312,7.95,False
m0d_clinical,20250722,9,0.5624167496069318,0.6453977115066837,0.0008945702546981,7.91,False
m0d_clinical,20250722,10,0.5577091124705497,0.6474321327414859,0.0008678619553365,8.03,False
m0d_clinical,20250723,0,0.6086118544227586,0.633318814975444,0.0005060975609756,7.97,True
m0d_clinical,20250723,1,0.6036076214042473,0.6301023562700392,0.001,7.95,True
m0d_clinical,20250723,2,0.5943737846348787,0.6293944714255825,0.0009982922465033,8.02,True
m0d_clinical,20250723,3,0.5866126077971018,0.629170722843447,0.0009931806517013,7.83,True
m0d_clinical,20250723,4,0.5807661786015094,0.6300273321882709,0.0009847001329696,8.08,False
m0d_clinical,20250723,5,0.5754251633047598,0.633917836400542,0.0009729086208503,7.95,False
m0d_clinical,20250723,6,0.5708657988686265,0.6392820157275533,0.0009578866633275,7.93,False
m0d_clinical,20250723,7,0.567004094394875,0.6408195810906411,0.0009397368756032,7.91,False
m0d_clinical,20250723,8,0.5664747109991967,0.6430223190016265,0.0009185832391312,7.95,False
m0d_clinical,20250723,9,0.560708286491203,0.6469300945419096,0.0008945702546981,7.98,False
m0d_clinical,20250723,10,0.5590245154551688,0.649919596397441,0.0008678619553365,7.89,False
m0d_clinical,20250723,11,0.555347758543055,0.6532229762865164,0.0008386407858128,7.96,False
m0d_clinical,20250724,0,0.6084378314156064,0.6326558073174061,0.0005060975609756,7.96,True
m0d_clinical,20250724,1,0.6032527609367591,0.6301076821331728,0.001,7.99,True
m0d_clinical,20250724,2,0.5934698823387223,0.6300535563549187,0.0009982922465033,8.04,True
m0d_clinical,20250724,3,0.5852335271061271,0.6337004647872982,0.0009931806517013,7.93,False
m0d_clinical,20250724,4,0.5801141796314188,0.6372632928730404,0.0009847001329696,7.95,False
m0d_clinical,20250724,5,0.5745340325297188,0.6413771837212608,0.0009729086208503,7.98,False
m0d_clinical,20250724,6,0.5703537949276568,0.6437334110136358,0.0009578866633275,7.96,False
m0d_clinical,20250724,7,0.5654457802028325,0.6461141893345228,0.0009397368756032,7.94,False
m0d_clinical,20250724,8,0.5633126211017083,0.6498858158785467,0.0009185832391312,7.96,False
m0d_clinical,20250724,9,0.560440470809422,0.651986549717735,0.0008945702546981,7.92,False
m0d_clinical,20250724,10,0.5577732731611513,0.6538665491346697,0.0008678619553365,7.99,False
m1_klg,20250720,0,0.6004164464193119,0.6318716526971953,0.000506329113924,7.62,True
m1_klg,20250720,1,0.5881294258314672,0.6236255362039783,0.001,7.61,True
m1_klg,20250720,2,0.5686361984408694,0.6196279681962773,0.0009982922465033,7.55,True
m1_klg,20250720,3,0.5542469836407609,0.6214980207612625,0.0009931806517013,7.63,False
m1_klg,20250720,4,0.5444463773953427,0.6276326301730089,0.0009847001329696,7.54,False
m1_klg,20250720,5,0.5389681602116104,0.6342846021001943,0.0009729086208503,7.48,False
m1_klg,20250720,6,0.5348649231121958,0.6371119914155456,0.0009578866633275,7.63,False
m1_klg,20250720,7,0.5300745409521892,0.6412408592436512,0.0009397368756032,7.74,False
m1_klg,20250720,8,0.5286737033326308,0.6477851229528159,0.0009185832391312,7.65,False
m1_klg,20250720,9,0.5219771510796894,0.6474845747716077,0.0008945702546981,7.53,False
m1_klg,20250720,10,0.5164021266947946,0.6534545107665192,0.0008678619553365,7.57,False
m1_klg,20250721,0,0.5992366112738824,0.6310155558970528,0.000506329113924,7.61,True
m1_klg,20250721,1,0.586156623854076,0.6219433818020367,0.001,7.66,True
m1_klg,20250721,2,0.5652030202939665,0.6205848766824253,0.0009982922465033,7.6,True
m1_klg,20250721,3,0.5532569989287633,0.6248453027903,0.0009931806517013,7.55,False
m1_klg,20250721,4,0.5467358066903962,0.6284485148834058,0.0009847001329696,7.56,False
m1_klg,20250721,5,0.5407284527802295,0.6357443815161226,0.0009729086208503,7.61,False
m1_klg,20250721,6,0.5349282814656572,0.6416489401550729,0.0009578866633275,7.73,False
m1_klg,20250721,7,0.531775324176654,0.6428637475672337,0.0009397368756032,7.71,False
m1_klg,20250721,8,0.5274225694833515,0.6470179015341351,0.0009185832391312,7.57,False
m1_klg,20250721,9,0.5241107066408742,0.650919127875139,0.0008945702546981,7.53,False
m1_klg,20250721,10,0.5210739078762247,0.6557692600063552,0.0008678619553365,7.68,False
m1_klg,20250722,0,0.5997340090280537,0.631472016289823,0.000506329113924,7.59,True
m1_klg,20250722,1,0.5871041029142895,0.6225845170243521,0.001,7.71,True
m1_klg,20250722,2,0.5680861951734086,0.6174304979962864,0.0009982922465033,7.65,True
m1_klg,20250722,3,0.5544014024772674,0.6211797603543199,0.0009931806517013,7.61,False
m1_klg,20250722,4,0.5474200536958498,0.6283597339506286,0.0009847001329696,7.54,False
m1_klg,20250722,5,0.5410898827952896,0.6349948609320611,0.0009729086208503,7.65,False
m1_klg,20250722,6,0.5372014633649058,0.6388613245568882,0.0009578866633275,7.59,False
m1_klg,20250722,7,0.5323969480321348,0.6418142609481929,0.0009397368756032,7.61,False
m1_klg,20250722,8,0.5293479477815193,0.6453488996280392,0.0009185832391312,7.59,False
m1_klg,20250722,9,0.5252194860346132,0.6480177556604476,0.0008945702546981,7.62,False
m1_klg,20250722,10,0.5219292742333668,0.65415894854385,0.0008678619553365,7.65,False
m1_klg,20250723,0,0.5998975593056843,0.631677491823448,0.000506329113924,7.62,True
m1_klg,20250723,1,0.5876792444048928,0.6222359602221376,0.001,7.59,True
m1_klg,20250723,2,0.5674698680663128,0.6214451438394927,0.0009982922465033,7.6,True
m1_klg,20250723,3,0.5555265777773434,0.6247091012139462,0.0009931806517013,7.6,False
m1_klg,20250723,4,0.5475265823716254,0.6254397032221983,0.0009847001329696,7.56,False
m1_klg,20250723,5,0.540756217759547,0.6286371593242011,0.0009729086208503,7.53,False
m1_klg,20250723,6,0.5362902456421772,0.636740462629401,0.0009578866633275,7.62,False
m1_klg,20250723,7,0.5302535062126392,0.6383062017496572,0.0009397368756032,7.56,False
m1_klg,20250723,8,0.5266822605155963,0.6419288508373566,0.0009185832391312,7.54,False
m1_klg,20250723,9,0.5257709411929568,0.6497658757220132,0.0008945702546981,7.69,False
m1_klg,20250723,10,0.5196970463085404,0.651905954358371,0.0008678619553365,7.6,False
m1_klg,20250724,0,0.5991707061938614,0.6295931350636097,0.000506329113924,7.7,True
m1_klg,20250724,1,0.5860044046627988,0.620877146683365,0.001,7.66,True
m1_klg,20250724,2,0.5664882713360629,0.6186212343236889,0.0009982922465033,7.57,True
m1_klg,20250724,3,0.5546329144099124,0.6231897370369827,0.0009931806517013,7.63,False
m1_klg,20250724,4,0.5451418133713514,0.6286117330089239,0.0009847001329696,7.62,False
m1_klg,20250724,5,0.5376210008457816,0.6324333597728391,0.0009729086208503,7.64,False
m1_klg,20250724,6,0.5350780596343683,0.6370312595287078,0.0009578866633275,7.63,False
m1_klg,20250724,7,0.5300786604491876,0.6426116677931797,0.0009397368756032,7.6,False
m1_klg,20250724,8,0.5263858155978977,0.645977413887083,0.0009185832391312,7.56,False
m1_klg,20250724,9,0.5241306253773771,0.6500781761423282,0.0008945702546981,7.59,False
m1_klg,20250724,10,0.5214488208532524,0.652765671121394,0.0008678619553365,7.58,False
m4_fusion,20250720,0,0.6040465506515061,0.6334308890935221,0.0005060975609756,8.92,True
m4_fusion,20250720,1,0.6022752652508215,0.6271304702291892,0.001,8.32,True
m4_fusion,20250720,2,0.5975179105824818,0.6170186373372503,0.0009982922465033,8.31,True
m4_fusion,20250720,3,0.5873916473921553,0.622986857302135,0.0009931806517013,15.41,False
m4_fusion,20250720,4,0.5720414128592364,0.5969443011803748,0.0009847001329696,13.89,True
m4_fusion,20250720,5,0.551289004948787,0.6100169208547852,0.0009729086208503,13.53,False
m4_fusion,20250720,6,0.5364121655278583,0.5951637213262837,0.0009578866633275,13.69,True
m4_fusion,20250720,7,0.5068816535964408,0.6332236304292455,0.0009397368756032,13.82,False
m4_fusion,20250720,8,0.4918140818818916,0.6036544549450457,0.0009185832391312,13.72,False
m4_fusion,20250720,9,0.4596093106577047,0.6527087416440079,0.0008945702546981,13.56,False
m4_fusion,20250720,10,0.4350277712809098,0.6653109195938083,0.0008678619553365,13.56,False
m4_fusion,20250720,11,0.4047618403657553,0.7064519496335855,0.0008386407858128,13.4,False
m4_fusion,20250720,12,0.3654212443068307,0.727332606182937,0.0008071063563448,13.38,False
m4_fusion,20250720,13,0.3672663485071476,0.7457418520517318,0.0007734740790612,13.78,False
m4_fusion,20250720,14,0.3445674062378144,0.6881794818485512,0.0007379736965185,13.8,False
m4_fusion,20250721,0,0.6065551555684996,0.6290457450879808,0.0005060975609756,8.41,True
m4_fusion,20250721,1,0.596974702469416,0.6680211329038434,0.001,8.22,False
m4_fusion,20250721,2,0.6025829523744382,0.6271135116231895,0.0009982922465033,8.31,True
m4_fusion,20250721,3,0.5833588213015614,0.6109510478297372,0.0009931806517013,13.94,True
m4_fusion,20250721,4,0.5652000183774327,0.6502945054430068,0.0009847001329696,13.63,False
m4_fusion,20250721,5,0.5551140695149959,0.598751569618901,0.0009729086208503,13.53,True
m4_fusion,20250721,6,0.5121948105751435,0.5829663627080792,0.0009578866633275,13.33,True
m4_fusion,20250721,7,0.4880014699031392,0.5639647826387423,0.0009397368756032,13.77,True
m4_fusion,20250721,8,0.4569397165940676,0.5959984645231411,0.0009185832391312,13.34,False
m4_fusion,20250721,9,0.4391457598850217,0.5764199757221784,0.0008945702546981,13.58,False
m4_fusion,20250721,10,0.4244403345047394,0.6034641500869933,0.0008678619553365,13.52,False
m4_fusion,20250721,11,0.3741837308786967,0.6552642778301528,0.0008386407858128,13.73,False
m4_fusion,20250721,12,0.3790841600159632,0.6977792064172949,0.0008071063563448,13.51,False
m4_fusion,20250721,13,0.3353325472401746,0.7140129464773485,0.0007734740790612,13.43,False
m4_fusion,20250721,14,0.3149862071710974,0.7004902284853293,0.0007379736965185,13.39,False
m4_fusion,20250721,15,0.3026850039329602,0.7951473853547749,0.0007008477123264,13.41,False
m4_fusion,20250722,0,0.605761459866011,0.6294990084375864,0.0005060975609756,8.28,True
m4_fusion,20250722,1,0.5981946150461833,0.665415802726343,0.001,8.23,False
m4_fusion,20250722,2,0.5997514261675708,0.6319685698280081,0.0009982922465033,8.18,False
m4_fusion,20250722,3,0.5982810382869432,0.645336471533415,0.0009931806517013,13.4,False
m4_fusion,20250722,4,0.5632332588206825,0.6385946981395028,0.0009847001329696,13.47,False
m4_fusion,20250722,5,0.5528682564064028,0.5759707203530233,0.0009729086208503,13.73,True
m4_fusion,20250722,6,0.5443407592343916,0.5859567485847683,0.0009578866633275,13.68,False
m4_fusion,20250722,7,0.5174167798577246,0.5625980558385919,0.0009397368756032,13.47,True
m4_fusion,20250722,8,0.4970648203052307,0.5366236704432812,0.0009185832391312,13.44,True
m4_fusion,20250722,9,0.476673826615475,0.5738371639975416,0.0008945702546981,13.42,False
m4_fusion,20250722,10,0.4314680461594135,0.6244731200356152,0.0008678619553365,13.62,False
m4_fusion,20250722,11,0.4177869294391432,0.7630752701353885,0.0008386407858128,13.45,False
m4_fusion,20250722,12,0.3940803528176567,0.6806809936960935,0.0008071063563448,13.61,False
m4_fusion,20250722,13,0.3618549837406028,0.7199908630752936,0.0007734740790612,13.5,False
m4_fusion,20250722,14,0.3508187658180391,0.6893048662347502,0.0007379736965185,13.74,False
m4_fusion,20250722,15,0.3373881494450546,0.6929391892485846,0.0007008477123264,13.49,False
m4_fusion,20250722,16,0.307526735071432,0.7606661902559256,0.0006623497346023,13.65,False
m4_fusion,20250723,0,0.6072370218174076,0.633278668699067,0.0005060975609756,8.25,True
m4_fusion,20250723,1,0.5994557826275541,0.6401712141278812,0.001,8.17,False
m4_fusion,20250723,2,0.5958632028631162,0.6254367757517022,0.0009982922465033,8.82,True
m4_fusion,20250723,3,0.5832325901843335,0.6059536645583106,0.0009931806517013,13.61,True
m4_fusion,20250723,4,0.5718860334513963,0.5963729468386553,0.0009847001329696,13.42,True
m4_fusion,20250723,5,0.5372263945596066,0.5662836983121623,0.0009729086208503,13.35,True
m4_fusion,20250723,6,0.5137367820665096,0.5759359704152729,0.0009578866633275,13.53,False
m4_fusion,20250723,7,0.4916052363166919,0.6061308189080301,0.0009397368756032,13.73,False
m4_fusion,20250723,8,0.4520449256851034,0.6290588093878086,0.0009185832391312,13.54,False
m4_fusion,20250723,9,0.4194266462974925,0.6620520927440383,0.0008945702546981,13.62,False
m4_fusion,20250723,10,0.3932177032119736,0.6664918924602727,0.0008678619553365,13.53,False
m4_fusion,20250723,11,0.3640487962203219,0.7738759616366016,0.0008386407858128,13.57,False
m4_fusion,20250723,12,0.3525942940674076,1.1978518303131778,0.0008071063563448,13.45,False
m4_fusion,20250723,13,0.3398286504670977,0.7035328045328761,0.0007734740790612,13.61,False
m4_fusion,20250724,0,0.6038764451567608,0.6343119632057833,0.0005060975609756,8.39,True
m4_fusion,20250724,1,0.5988432909482246,0.6529887664509925,0.001,8.23,False
m4_fusion,20250724,2,0.5948739636151088,0.6174569125080307,0.0009982922465033,8.48,True
m4_fusion,20250724,3,0.5881836386314936,0.6075299081912562,0.0009931806517013,13.72,True
m4_fusion,20250724,4,0.5690144419440415,0.6077742362290365,0.0009847001329696,13.85,False
m4_fusion,20250724,5,0.5468192336215909,0.6546675213343498,0.0009729086208503,13.47,False
m4_fusion,20250724,6,0.5240004199519323,0.612721493540896,0.0009578866633275,13.64,False
m4_fusion,20250724,7,0.503306675703769,0.5598680629608689,0.0009397368756032,13.48,True
m4_fusion,20250724,8,0.4872069887917395,0.6439251019152568,0.0009185832391312,13.55,False
m4_fusion,20250724,9,0.4463096983974839,0.608196377656625,0.0008945702546981,13.42,False
m4_fusion,20250724,10,0.433706127876606,0.62093164375528,0.0008678619553365,13.36,False
m4_fusion,20250724,11,0.3783712892676479,0.6989613268292411,0.0008386407858128,13.75,False
m4_fusion,20250724,12,0.3637696869429093,0.6899346534691612,0.0008071063563448,13.53,False
m4_fusion,20250724,13,0.3546047149078924,0.8134721339448824,0.0007734740790612,13.5,False
m4_fusion,20250724,14,0.3429015642676237,0.7978806552181987,0.0007379736965185,13.77,False
m4_fusion,20250724,15,0.3265303958659571,0.7835669075499493,0.0007008477123264,13.79,False
m3_image,20250720,0,0.6024265929683326,0.6410811326817145,0.0005060975609756,8.23,True
m3_image,20250720,1,0.6076277926478083,0.6371765453066567,0.001,8.25,True
m3_image,20250720,2,0.5964882746884359,0.6184051091264331,0.0009982922465033,8.18,True
m3_image,20250720,3,0.585797738104427,0.6419275978172574,0.0009931806517013,13.6,False
m3_image,20250720,4,0.5669905221545513,0.6057579303929213,0.0009847001329696,13.52,True
m3_image,20250720,5,0.5497293374212261,0.6408913709166028,0.0009729086208503,13.54,False
m3_image,20250720,6,0.5361385142412719,0.6045386688864665,0.0009578866633275,13.68,True
m3_image,20250720,7,0.506656899939153,0.661402599075779,0.0009397368756032,13.49,False
m3_image,20250720,8,0.487054222793478,0.5720027881019751,0.0009185832391312,13.6,True
m3_image,20250720,9,0.4592355384776702,0.6647420655979283,0.0008945702546981,13.43,False
m3_image,20250720,10,0.4191938100063272,0.7414455770320533,0.0008678619553365,13.59,False
m3_image,20250720,11,0.4025716950697017,0.7220917698068742,0.0008386407858128,13.49,False
m3_image,20250720,12,0.373876867684498,0.7169518904430303,0.0008071063563448,13.47,False
m3_image,20250720,13,0.3614652679561994,0.8299322407521399,0.0007734740790612,13.54,False
m3_image,20250720,14,0.3422081614132102,0.8233271197509059,0.0007379736965185,13.49,False
m3_image,20250720,15,0.3111684474182496,0.8441935803380141,0.0007008477123264,13.61,False
m3_image,20250720,16,0.3089344468247684,0.9717656803370822,0.0006623497346023,13.6,False
m3_image,20250721,0,0.6066172906658782,0.6347185281375654,0.0005060975609756,8.27,True
m3_image,20250721,1,0.594675409997704,0.6520068630023378,0.001,8.1,False
m3_image,20250721,2,0.5956648373649759,0.6333423482335302,0.0009982922465033,8.21,True
m3_image,20250721,3,0.5869744650947795,0.6103684996880201,0.0009931806517013,13.48,True
m3_image,20250721,4,0.5707897833546691,0.6209151548622797,0.0009847001329696,13.5,False
m3_image,20250721,5,0.5519685044970816,0.6088267785395225,0.0009729086208503,13.49,True
m3_image,20250721,6,0.5248828863821967,0.6093652937221025,0.0009578866633275,13.43,False
m3_image,20250721,7,0.5071897818863047,0.5943636454862439,0.0009397368756032,13.87,True
m3_image,20250721,8,0.473853670046279,0.6478347444911503,0.0009185832391312,13.53,False
m3_image,20250721,9,0.4419594345208767,0.6494481188583054,0.0008945702546981,13.43,False
m3_image,20250721,10,0.4252187991015943,0.7184849565212198,0.0008678619553365,13.51,False
m3_image,20250721,11,0.3988202409370154,0.7390056443346644,0.0008386407858128,13.54,False
m3_image,20250721,12,0.3889242624623525,0.7426985095238277,0.0008071063563448,13.67,False
m3_image,20250721,13,0.3527790907436626,0.8906776191186356,0.0007734740790612,13.63,False
m3_image,20250721,14,0.3287411090036807,0.7824231931874597,0.0007379736965185,13.76,False
m3_image,20250721,15,0.3108657120596007,0.952373221885433,0.0007008477123264,13.45,False
m3_image,20250722,0,0.6041436270252588,0.6299847721570992,0.0005060975609756,8.36,True
m3_image,20250722,1,0.5959046217345548,0.638359934403787,0.001,8.18,False
m3_image,20250722,2,0.5964493107474149,0.6380929445517012,0.0009982922465033,8.22,False
m3_image,20250722,3,0.5850215061494151,0.6484961072649756,0.0009931806517013,13.8,False
m3_image,20250722,4,0.5593085828314397,0.594382725804599,0.0009847001329696,13.79,True
m3_image,20250722,5,0.5430809959044289,0.5853374765279901,0.0009729086208503,13.65,True
m3_image,20250722,6,0.537342440200564,0.5867045979768127,0.0009578866633275,13.52,False
m3_image,20250722,7,0.5239972031860108,0.616165009348497,0.0009397368756032,13.56,False
m3_image,20250722,8,0.4993112457969974,0.6044144759999581,0.0009185832391312,13.41,False
m3_image,20250722,9,0.4890900418621726,0.5715344337389474,0.0008945702546981,13.86,True
m3_image,20250722,10,0.4499625919426222,0.5941770541853063,0.0008678619553365,13.49,False
m3_image,20250722,11,0.4385962301969298,0.5876783602798646,0.0008386407858128,13.59,False
m3_image,20250722,12,0.4053786028815372,0.6635111587540621,0.0008071063563448,13.57,False
m3_image,20250722,13,0.3626851833466735,0.7239132033284162,0.0007734740790612,13.58,False
m3_image,20250722,14,0.3551131294878749,0.7253957914409841,0.0007379736965185,13.6,False
m3_image,20250722,15,0.3327422054021517,0.7341147809521354,0.0007008477123264,13.51,False
m3_image,20250722,16,0.3156524329832961,0.8346176928797012,0.0006623497346023,13.59,False
m3_image,20250722,17,0.314944946949293,0.8584406640615687,0.0006227427435703,13.63,False
m3_image,20250723,0,0.6067001967071798,0.6350852088552333,0.0005060975609756,8.22,True
m3_image,20250723,1,0.5976705030669137,0.648634976874703,0.001,8.32,False
m3_image,20250723,2,0.6007795814374508,0.6255213237757489,0.0009982922465033,8.36,True
m3_image,20250723,3,0.5833212912656898,0.5968180404951557,0.0009931806517013,13.55,True
m3_image,20250723,4,0.5665554368656724,0.5733119527838829,0.0009847001329696,13.64,True
m3_image,20250723,5,0.5432924687804974,0.5585279223134608,0.0009729086208503,13.47,True
m3_image,20250723,6,0.5216109994274918,0.626796810593405,0.0009578866633275,13.63,False
m3_image,20250723,7,0.503897930340041,0.5806312374748382,0.0009397368756032,13.48,False
m3_image,20250723,8,0.4810424109759358,0.5899488735845282,0.0009185832391312,13.37,False
m3_image,20250723,9,0.4575002599313769,0.6333738877466497,0.0008945702546981,13.39,False
m3_image,20250723,10,0.4352709623803752,0.6900424537402563,0.0008678619553365,13.88,False
m3_image,20250723,11,0.4157722895516366,0.6963926276574581,0.0008386407858128,13.89,False
m3_image,20250723,12,0.3906489632148044,0.7966666519575172,0.0008071063563448,13.57,False
m3_image,20250723,13,0.3707938618947229,0.724937042244607,0.0007734740790612,13.37,False
m3_image,20250724,0,0.6055842202063471,0.6369107285296902,0.0005060975609756,8.31,True
m3_image,20250724,1,0.6033887156631675,0.6434876823428881,0.001,8.23,False
m3_image,20250724,2,0.5943571975465455,0.6241939035649869,0.0009982922465033,8.34,True
m3_image,20250724,3,0.587432498698749,0.5793986671560362,0.0009931806517013,13.49,True
m3_image,20250724,4,0.5675132497886701,0.5807030868387644,0.0009847001329696,13.69,False
m3_image,20250724,5,0.5544514017499022,0.6116223772980915,0.0009729086208503,13.52,False
m3_image,20250724,6,0.537529365592035,0.6072042677094024,0.0009578866633275,13.45,False
m3_image,20250724,7,0.5098907581873252,0.6067990283411882,0.0009397368756032,13.42,False
m3_image,20250724,8,0.496276506336553,0.6437307465607933,0.0009185832391312,13.63,False
m3_image,20250724,9,0.450224423247725,0.9906760668458646,0.0008945702546981,13.48,False
m3_image,20250724,10,0.4502596412263164,0.6598843253611706,0.0008678619553365,13.41,False
m3_image,20250724,11,0.4080485043555555,1.1688273533703066,0.0008386407858128,13.57,False
m2_frontal,20250720,0,0.6121691635149551,0.6483371773932748,0.0005061728395061728,6.77,True
m2_frontal,20250720,1,0.6163744545388886,0.6405069132476912,0.001,6.02,True
m2_frontal,20250720,2,0.6155961294292296,0.628700371536313,0.000998292246503335,6.13,True
m2_frontal,20250720,3,0.6151742123228847,0.6327787658766857,0.0009931806517013613,12.12,False
m2_frontal,20250720,4,0.6074985242203662,0.6261098866651628,0.0009847001329696653,10.91,True
m2_frontal,20250720,5,0.5892650673725287,0.5990506922903716,0.0009729086208503173,10.97,True
m2_frontal,20250720,6,0.5726805409595325,0.5779975047174658,0.0009578866633275287,10.95,True
m2_frontal,20250720,7,0.5618860112624272,0.5835982661419729,0.0009397368756032445,11.04,False
m2_frontal,20250720,8,0.5407950948727759,0.6104278876049163,0.0009185832391312643,10.6,False
m2_frontal,20250720,9,0.5138706265265358,0.6960218966659778,0.0008945702546981969,10.93,False
m2_frontal,20250720,10,0.4902287296973884,0.6024870416328525,0.0008678619553365659,10.82,False
m2_frontal,20250720,11,0.46218019102241603,0.6069831117709704,0.0008386407858128706,11.06,False
m2_frontal,20250720,12,0.4284354359049915,0.7752336179051504,0.000807106356344834,10.79,False
m2_frontal,20250720,13,0.4130186124621161,0.7303378664313662,0.0007734740790612135,11.07,False
m2_frontal,20250720,14,0.3858939327685964,0.7308762936883894,0.0007379736965185368,10.94,False
m2_frontal,20250721,0,0.6133532171647984,0.6363922413811861,0.0005061728395061728,6.07,True
m2_frontal,20250721,1,0.6160571903636212,0.6435933750227933,0.001,5.99,False
m2_frontal,20250721,2,0.6128909311981025,0.6423901305076231,0.000998292246503335,6.07,False
m2_frontal,20250721,3,0.6109354180448195,0.6279192220027691,0.0009931806517013613,10.93,True
m2_frontal,20250721,4,0.6007886468072424,0.5947967627421129,0.0009847001329696653,10.82,True
m2_frontal,20250721,5,0.5864738087536012,0.5893373969360876,0.0009729086208503173,11.4,True
m2_frontal,20250721,6,0.5771759238682295,0.5875264930451095,0.0009578866633275287,10.85,True
m2_frontal,20250721,7,0.564053449699015,0.5948819620683148,0.0009397368756032445,10.92,False
m2_frontal,20250721,8,0.5484578552260857,0.5851587654498205,0.0009185832391312643,11.07,True
m2_frontal,20250721,9,0.5338524651508951,0.6292925402872189,0.0008945702546981969,10.96,False
m2_frontal,20250721,10,0.4949829176345108,0.6588330492813832,0.0008678619553365659,10.85,False
m2_frontal,20250721,11,0.4788249224055293,0.6206526361691478,0.0008386407858128706,10.83,False
m2_frontal,20250721,12,0.4547093374994886,0.6526461240866416,0.000807106356344834,10.94,False
m2_frontal,20250721,13,0.42559609863757164,0.7488969622491378,0.0007734740790612135,10.99,False
m2_frontal,20250721,14,0.39158214776324046,0.91971951260704,0.0007379736965185368,10.99,False
m2_frontal,20250721,15,0.39415168499822034,0.6556260964505175,0.0007008477123264848,11.0,False
m2_frontal,20250721,16,0.3566652296237855,0.7354633614313018,0.0006623497346023419,10.67,False
m2_frontal,20250722,0,0.613882442376931,0.6397192190241862,0.0005061728395061728,6.08,True
m2_frontal,20250722,1,0.6169489337932953,0.6474468781541901,0.001,6.29,False
m2_frontal,20250722,2,0.6157181495483446,0.6396569662594864,0.000998292246503335,6.08,True
m2_frontal,20250722,3,0.6124153693578561,0.646001576554856,0.0009931806517013613,10.68,False
m2_frontal,20250722,4,0.6064727052631024,0.611359441716172,0.0009847001329696653,10.99,True
m2_frontal,20250722,5,0.5992564817792491,0.6120756705512391,0.0009729086208503173,10.74,False
m2_frontal,20250722,6,0.5769297397081328,0.6103713881517701,0.0009578866633275287,10.83,True
m2_frontal,20250722,7,0.5665018049648303,0.6331309149390149,0.0009397368756032445,11.34,False
m2_frontal,20250722,8,0.555646660112006,0.5939132440895912,0.0009185832391312643,10.99,True
m2_frontal,20250722,9,0.5342181417226053,0.6163966994789617,0.0008945702546981969,10.87,False
m2_frontal,20250722,10,0.5073701992815494,0.6396509534761257,0.0008678619553365659,10.9,False
m2_frontal,20250722,11,0.4792644052359711,0.6257907703632799,0.0008386407858128706,10.92,False
m2_frontal,20250722,12,0.42911069683338465,0.6491313782548165,0.000807106356344834,11.13,False
m2_frontal,20250722,13,0.4163690918116562,0.6803976047817706,0.0007734740790612135,11.05,False
m2_frontal,20250722,14,0.38760811540272216,0.7396917760562927,0.0007379736965185368,11.07,False
m2_frontal,20250722,15,0.36053915519913193,0.8637605711849236,0.0007008477123264848,10.88,False
m2_frontal,20250722,16,0.3700050650014551,0.7478946861335062,0.0006623497346023419,10.74,False
m2_frontal,20250723,0,0.6124223923720074,0.6442168600652369,0.0005061728395061728,6.04,True
m2_frontal,20250723,1,0.617190451952326,0.6467841617316632,0.001,6.02,False
m2_frontal,20250723,2,0.6152039666663013,0.6379436586370889,0.000998292246503335,6.05,True
m2_frontal,20250723,3,0.6129069555285546,0.627544741452684,0.0009931806517013613,11.13,True
m2_frontal,20250723,4,0.6017057298229944,0.595097417684611,0.0009847001329696653,11.01,True
m2_frontal,20250723,5,0.5807206202586738,0.6358696626529293,0.0009729086208503173,10.81,False
m2_frontal,20250723,6,0.5777654696267456,0.5899647398964685,0.0009578866633275287,11.38,True
m2_frontal,20250723,7,0.5534150703772672,0.5681264352138494,0.0009397368756032445,11.11,True
m2_frontal,20250723,8,0.5291923562947073,0.5883092204413329,0.0009185832391312643,11.15,False
m2_frontal,20250723,9,0.5216058163381767,0.5792620306180402,0.0008945702546981969,11.15,False
m2_frontal,20250723,10,0.5113387247634008,0.6017776217677673,0.0008678619553365659,11.22,False
m2_frontal,20250723,11,0.4693540334586204,0.6697407172341459,0.0008386407858128706,10.84,False
m2_frontal,20250723,12,0.45066030544946806,0.7105710826480286,0.000807106356344834,10.56,False
m2_frontal,20250723,13,0.42432209402438104,0.7070156177466712,0.0007734740790612135,11.02,False
m2_frontal,20250723,14,0.40068614885395526,0.9988970934132656,0.0007379736965185368,10.71,False
m2_frontal,20250723,15,0.3888704074494794,0.7317349378615204,0.0007008477123264848,11.29,False
m2_frontal,20250724,0,0.6116974177559832,0.6366527463731697,0.0005061728395061728,6.08,True
m2_frontal,20250724,1,0.6134082169816959,0.6363533157819521,0.001,6.14,True
m2_frontal,20250724,2,0.6145123958864448,0.6623222171366253,0.000998292246503335,6.09,False
m2_frontal,20250724,3,0.599335298864834,0.6046476467427865,0.0009931806517013613,10.44,True
m2_frontal,20250724,4,0.5799673958551773,0.6189867029895526,0.0009847001329696653,10.94,False
m2_frontal,20250724,5,0.5683615247808373,0.5840065302980224,0.0009729086208503173,10.61,True
m2_frontal,20250724,6,0.5517659913921504,0.6073928720302159,0.0009578866633275287,10.94,False
m2_frontal,20250724,7,0.5370591097156698,0.5811230882859586,0.0009397368756032445,10.53,True
m2_frontal,20250724,8,0.5063989263939046,0.6137664454087118,0.0009185832391312643,11.19,False
m2_frontal,20250724,9,0.4716426237218151,0.8308931401062084,0.0008945702546981969,10.63,False
m2_frontal,20250724,10,0.46359339425622864,0.6018627145889544,0.0008678619553365659,11.3,False
m2_frontal,20250724,11,0.43381630569327356,0.745788951455977,0.0008386407858128706,10.68,False
m2_frontal,20250724,12,0.41217234679685194,0.7035089590584748,0.000807106356344834,10.89,False
m2_frontal,20250724,13,0.38021204234230627,0.8415909714389578,0.0007734740790612135,10.5,False
m2_frontal,20250724,14,0.36362099181860685,0.7732357054884264,0.0007379736965185368,11.11,False
m2_frontal,20250724,15,0.36961558246091236,0.7433058085465151,0.0007008477123264848,10.75,False
m4_frontal,20250720,0,0.6120418691229156,0.6451328898627463,0.0005061728395061728,6.02,True
m4_frontal,20250720,1,0.6167913663313485,0.6464827152410532,0.001,5.95,False
m4_frontal,20250720,2,0.6168812639757576,0.6277642940753493,0.000998292246503335,5.93,True
m4_frontal,20250720,3,0.6085178803179655,0.6130872377922747,0.0009931806517013613,10.38,True
m4_frontal,20250720,4,0.5969501755462712,0.6048064772459913,0.0009847001329696653,10.58,True
m4_frontal,20250720,5,0.5707134197094123,0.5870834720016118,0.0009729086208503173,11.16,True
m4_frontal,20250720,6,0.5614815441078446,0.583865491072682,0.0009578866633275287,10.91,True
m4_frontal,20250720,7,0.5480013211998778,0.6104410576711232,0.0009397368756032445,11.16,False
m4_frontal,20250720,8,0.5212543264677281,0.5969155185344793,0.0009185832391312643,10.96,False
m4_frontal,20250720,9,0.49417204732773107,0.6074274461771844,0.0008945702546981969,10.72,False
m4_frontal,20250720,10,0.47674641507928583,0.6215904871671303,0.0008678619553365659,10.78,False
m4_frontal,20250720,11,0.43177661583427307,0.7365213647433042,0.0008386407858128706,10.98,False
m4_frontal,20250720,12,0.41972429518683035,0.6428090435910433,0.000807106356344834,11.03,False
m4_frontal,20250720,13,0.3887439151510781,0.7915467287402175,0.0007734740790612135,11.17,False
m4_frontal,20250720,14,0.36337956574806024,0.7726221304158537,0.0007379736965185368,10.79,False
m4_frontal,20250721,0,0.6129355158414634,0.6361107731023875,0.0005061728395061728,5.97,True
m4_frontal,20250721,1,0.6156943896237541,0.6377190225734874,0.001,5.86,False
m4_frontal,20250721,2,0.6160330236327168,0.638232672983091,0.000998292246503335,5.92,False
m4_frontal,20250721,3,0.6103701922269797,0.6203041962176942,0.0009931806517013613,10.93,True
m4_frontal,20250721,4,0.596976572468923,0.6249219868086363,0.0009847001329696653,10.75,False
m4_frontal,20250721,5,0.5783961058216568,0.5968159683572761,0.0009729086208503173,11.3,True
m4_frontal,20250721,6,0.5685684384299505,0.5804195994927529,0.0009578866633275287,10.86,True
m4_frontal,20250721,7,0.5557339998544554,0.6134313412956653,0.0009397368756032445,10.41,False
m4_frontal,20250721,8,0.5251656426318658,0.6672871588847352,0.0009185832391312643,10.91,False
m4_frontal,20250721,9,0.5170483370960313,0.6389056558519632,0.0008945702546981969,11.19,False
m4_frontal,20250721,10,0.49257395612566096,0.6443878101619424,0.0008678619553365659,10.66,False
m4_frontal,20250721,11,0.4636647678427283,0.669410970065788,0.0008386407858128706,10.73,False
m4_frontal,20250721,12,0.4388709625131206,0.7169859752722745,0.000807106356344834,10.84,False
m4_frontal,20250721,13,0.42415639614519135,0.8394548210919535,0.0007734740790612135,10.91,False
m4_frontal,20250721,14,0.3969579171158673,0.7091422921954603,0.0007379736965185368,10.85,False
m4_frontal,20250722,0,0.6138409600353831,0.6402643695987468,0.0005061728395061728,5.97,True
m4_frontal,20250722,1,0.6181131860604596,0.6416974343804199,0.001,5.95,False
m4_frontal,20250722,2,0.6153655629778056,0.630459105465416,0.000998292246503335,6.03,True
m4_frontal,20250722,3,0.6055331750550875,0.6679058933670565,0.0009931806517013613,10.76,False
m4_frontal,20250722,4,0.5950320065944188,0.5776350680483512,0.0009847001329696653,11.06,True
m4_frontal,20250722,5,0.5815689900988027,0.6229282408118747,0.0009729086208503173,10.71,False
m4_frontal,20250722,6,0.5657106663558874,0.5990372165332046,0.0009578866633275287,10.9,False
m4_frontal,20250722,7,0.5514395092570745,0.6006092922048274,0.0009397368756032445,10.67,False
m4_frontal,20250722,8,0.5284849511857372,0.5936247209396481,0.0009185832391312643,10.69,False
m4_frontal,20250722,9,0.5032329961726725,0.6044659076477464,0.0008945702546981969,10.69,False
m4_frontal,20250722,10,0.47229190056584197,0.6159488847391228,0.0008678619553365659,10.94,False
m4_frontal,20250722,11,0.45423861226245715,0.6627545965046362,0.0008386407858128706,10.33,False
m4_frontal,20250722,12,0.41353634650020316,0.7785995869022472,0.000807106356344834,10.93,False
m4_frontal,20250723,0,0.6125141101724961,0.6442269236739468,0.0005061728395061728,6.02,True
m4_frontal,20250723,1,0.6170620159375778,0.6397760653436115,0.001,5.88,True
m4_frontal,20250723,2,0.6169168480409557,0.6353819376495746,0.000998292246503335,6.03,True
m4_frontal,20250723,3,0.6071799143272287,0.6007197594349313,0.0009931806517013613,11.05,True
m4_frontal,20250723,4,0.5784437327469835,0.5826802331322959,0.0009847001329696653,11.46,True
m4_frontal,20250723,5,0.571421076731047,0.5849501358171524,0.0009729086208503173,10.99,False
m4_frontal,20250723,6,0.5605298331001595,0.5869026600507106,0.0009578866633275287,11.1,False
m4_frontal,20250723,7,0.5418282018703389,0.5768245314169693,0.0009397368756032445,10.84,True
m4_frontal,20250723,8,0.5244659262914038,0.605758044277691,0.0009185832391312643,10.6,False
m4_frontal,20250723,9,0.4998070329842922,0.5757144799365843,0.0008945702546981969,11.07,True
m4_frontal,20250723,10,0.482550746954447,0.6270029066859766,0.0008678619553365659,10.99,False
m4_frontal,20250723,11,0.4495209762740061,0.6467460508105952,0.0008386407858128706,10.92,False
m4_frontal,20250723,12,0.41896931563818324,0.8445295575699369,0.000807106356344834,11.07,False
m4_frontal,20250723,13,0.3888540106851481,0.7722406549000806,0.0007734740790612135,11.26,False
m4_frontal,20250723,14,0.3713526690188484,0.8352187415861168,0.0007379736965185368,10.58,False
m4_frontal,20250723,15,0.3661494630045797,0.7710397225747387,0.0007008477123264848,11.14,False
m4_frontal,20250723,16,0.3546170666669683,0.7685380269983773,0.0006623497346023419,10.97,False
m4_frontal,20250723,17,0.32960435927444753,0.8519260811737474,0.0006227427435703996,11.01,False
m4_frontal,20250724,0,0.611687629030954,0.6388731756767897,0.0005061728395061728,6.02,True
m4_frontal,20250724,1,0.6126626294925117,0.6385568115827555,0.001,5.96,True
m4_frontal,20250724,2,0.610808330515959,0.6587509500136581,0.000998292246503335,6.02,False
m4_frontal,20250724,3,0.6008987027240611,0.6066269732769879,0.0009931806517013613,10.92,True
m4_frontal,20250724,4,0.5730471852763149,0.6122860259575476,0.0009847001329696653,10.74,False
m4_frontal,20250724,5,0.5659311616752908,0.5898475244027369,0.0009729086208503173,11.21,True
m4_frontal,20250724,6,0.546264670281772,0.6026042957020386,0.0009578866633275287,10.97,False
m4_frontal,20250724,7,0.5312186373230473,0.5930395892156736,0.0009397368756032445,10.72,False
m4_frontal,20250724,8,0.5010071551490679,0.6294034576768879,0.0009185832391312643,10.98,False
m4_frontal,20250724,9,0.46922326578121437,0.7085963807581054,0.0008945702546981969,11.29,False
m4_frontal,20250724,10,0.44469818688536944,0.6194624364799446,0.0008678619553365659,11.14,False
m4_frontal,20250724,11,0.41519215808541227,0.6809124918303706,0.0008386407858128706,10.98,False
m4_frontal,20250724,12,0.40180653044175435,0.8907958324437696,0.000807106356344834,10.99,False
m4_frontal,20250724,13,0.3867660869783707,0.7344519208001778,0.0007734740790612135,11.12,False
r1_densenet_frontal,20250720,0,0.6116563819879349,0.6461160165286003,0.0005061728395061728,20.09,True
r1_densenet_frontal,20250720,1,0.6147186411977184,0.6364329075545961,0.001,5.96,True
r1_densenet_frontal,20250720,2,0.6091624920028651,0.6220700106991871,0.000998292246503335,8.21,True
r1_densenet_frontal,20250720,3,0.6227286915199676,0.6325311023400003,0.0009931806517013613,26.02,False
r1_densenet_frontal,20250720,4,0.6119377031783939,0.6392955048335685,0.0009847001329696653,8.71,False
r1_densenet_frontal,20250720,5,0.6124894712177962,0.6377288234090827,0.0009729086208503173,8.71,False
r1_densenet_frontal,20250720,6,0.6109996442639791,0.6373093651757102,0.0009578866633275287,8.7,False
r1_densenet_frontal,20250720,7,0.6103991748932346,0.6365180743899452,0.0009397368756032445,8.73,False
r1_densenet_frontal,20250720,8,0.6106107106703353,0.6370175530803323,0.0009185832391312643,8.7,False
r1_densenet_frontal,20250720,9,0.6106544867757673,0.6368780916884615,0.0008945702546981969,8.79,False
r1_densenet_frontal,20250720,10,0.610580079788025,0.6367730236527325,0.0008678619553365659,8.74,False
r1_densenet_frontal,20250721,0,0.6126593102242556,0.6359140960620687,0.0005061728395061728,6.05,True
r1_densenet_frontal,20250721,1,0.6148005116834729,0.6354299954386816,0.001,6.06,True
r1_densenet_frontal,20250721,2,0.6078939962866875,0.6207681918551395,0.000998292246503335,6.25,True
r1_densenet_frontal,20250721,3,0.6227371670051994,0.6464773063081785,0.0009931806517013613,8.79,False
r1_densenet_frontal,20250721,4,0.6186432998062288,0.6346021242251854,0.0009847001329696653,8.73,False
r1_densenet_frontal,20250721,5,0.6110809414932972,0.6365889589712628,0.0009729086208503173,8.81,False
r1_densenet_frontal,20250721,6,0.610378994661219,0.637943971476087,0.0009578866633275287,8.77,False
r1_densenet_frontal,20250721,7,0.6106409499704284,0.6373840531916892,0.0009397368756032445,8.75,False
r1_densenet_frontal,20250721,8,0.6108054621116296,0.6369837834431606,0.0009185832391312643,8.72,False
r1_densenet_frontal,20250721,9,0.6106329939498252,0.6364859066535926,0.0008945702546981969,8.73,False
r1_densenet_frontal,20250721,10,0.6106478823781383,0.6366198964458882,0.0008678619553365659,11.63,False
r1_densenet_frontal,20250722,0,0.6121415739458043,0.6366775729923326,0.0005061728395061728,6.04,True
r1_densenet_frontal,20250722,1,0.6128736834500227,0.6501361905937015,0.001,6.03,False
r1_densenet_frontal,20250722,2,0.6075837064545959,0.6280262237021158,0.000998292246503335,6.03,True
r1_densenet_frontal,20250722,3,0.6371141205262104,0.6439316330607735,0.0009931806517013613,8.8,False
r1_densenet_frontal,20250722,4,0.6139045127036032,0.6355532465786586,0.0009847001329696653,8.76,False
r1_densenet_frontal,20250722,5,0.6101711673817768,0.6364040416451445,0.0009729086208503173,8.73,False
r1_densenet_frontal,20250722,6,0.6106603753640556,0.6422754532819659,0.0009578866633275287,8.7,False
r1_densenet_frontal,20250722,7,0.6100873777371811,0.6438901571286993,0.0009397368756032445,8.7,False
r1_densenet_frontal,20250722,8,0.6118219136822703,0.6363958035361642,0.0009185832391312643,8.74,False
r1_densenet_frontal,20250722,9,0.6105800140937415,0.6278999913044243,0.0008945702546981969,8.79,True
r1_densenet_frontal,20250722,10,0.6109116421579945,0.6368016463138032,0.0008678619553365659,8.78,False
r1_densenet_frontal,20250722,11,0.6110590833813044,0.6368035771082706,0.0008386407858128706,8.72,False
r1_densenet_frontal,20250722,12,0.6107712632546853,0.6368184488568635,0.000807106356344834,8.86,False
r1_densenet_frontal,20250722,13,0.610928873528637,0.6363590181653246,0.0007734740790612135,8.79,False
r1_densenet_frontal,20250722,14,0.6110788298649684,0.6368084029196921,0.0007379736965185368,8.76,False
r1_densenet_frontal,20250722,15,0.6109225016444829,0.6366709275280225,0.0007008477123264848,8.71,False
r1_densenet_frontal,20250722,16,0.6109392338492922,0.6367368368643163,0.0006623497346023419,8.71,False
r1_densenet_frontal,20250722,17,0.6114425339934996,0.63684220534885,0.0006227427435703996,8.73,False
r1_densenet_frontal,20250723,0,0.6110980469191406,0.6512345070116237,0.0005061728395061728,6.05,True
r1_densenet_frontal,20250723,1,0.6136505356052712,0.6471328383244083,0.001,6.05,True
r1_densenet_frontal,20250723,2,0.607793585019584,0.5992455515234824,0.000998292246503335,6.1,True
r1_densenet_frontal,20250723,3,0.6250697808922628,0.6333512161534348,0.0009931806517013613,8.83,False
r1_densenet_frontal,20250723,4,0.6117522288402167,0.6311099750666439,0.0009847001329696653,8.75,False
r1_densenet_frontal,20250723,5,0.6118036988349891,0.6380406139825539,0.0009729086208503173,8.85,False
r1_densenet_frontal,20250723,6,0.6116866921492774,0.6367179279961103,0.0009578866633275287,8.88,False
r1_densenet_frontal,20250723,7,0.6111297176533809,0.6371724332843063,0.0009397368756032445,8.74,False
r1_densenet_frontal,20250723,8,0.6104141336291936,0.6368868416123433,0.0009185832391312643,8.74,False
r1_densenet_frontal,20250723,9,0.6107991073891843,0.6370812817876476,0.0008945702546981969,8.82,False
r1_densenet_frontal,20250723,10,0.6105283403728768,0.6369304739630378,0.0008678619553365659,8.78,False
r1_densenet_frontal,20250724,0,0.6114628518882551,0.6359903622628286,0.0005061728395061728,6.01,True
r1_densenet_frontal,20250724,1,0.6053795471279982,0.6175440855576124,0.001,6.05,True
r1_densenet_frontal,20250724,2,0.6032051826962745,0.6695870755452759,0.000998292246503335,6.1,False
r1_densenet_frontal,20250724,3,0.630942508762835,0.6335757208926626,0.0009931806517013613,8.83,False
r1_densenet_frontal,20250724,4,0.6111310403967052,0.6409245960435168,0.0009847001329696653,8.76,False
r1_densenet_frontal,20250724,5,0.6106434046484,0.6362465376714909,0.0009729086208503173,8.74,False
r1_densenet_frontal,20250724,6,0.6103338078817716,0.6366931409660777,0.0009578866633275287,8.8,False
r1_densenet_frontal,20250724,7,0.610641901153529,0.6368363008375237,0.0009397368756032445,8.78,False
r1_densenet_frontal,20250724,8,0.6108123509691965,0.6363765430290421,0.0009185832391312643,8.84,False
r1_densenet_frontal,20250724,9,0.6105661287027246,0.6363260876797913,0.0008945702546981969,8.75,False
